turtle,0_0,0_1,0_2,0_3,0_4,0_5,0_6,0_7,0_8,0_9,1_0,1_1,1_2,1_3,1_4,1_5,1_6,1_7,1_8,1_9,2_0,2_1,2_2,2_3,2_4,2_5,2_6,2_7,2_8,2_9,3_0,3_1,3_2,3_3,3_4,3_5,3_6,3_7,3_8,3_9,4_0,4_1,4_2,4_3,4_4,4_5,4_6,4_7,4_8,4_9
1,-3.133272845558609,-3.1200579499413306,-3.1068430543240524,-3.0936281587067738,-3.080413263089495,-3.0671983674722165,-3.0539834718549383,-3.0407685762376597,-3.027553680620381,-3.014338785003103,-3.0011238893858243,-2.9954290029490336,-2.9897341165122424,-2.9840392300754517,-2.978344343638661,-2.97264945720187,-2.966954570765079,-2.9612596843282883,-2.9555647978914976,-2.9498699114547065,-2.9441750250179157,-2.9498699114547065,-2.9555647978914976,-2.9612596843282883,-2.966954570765079,-2.97264945720187,-2.978344343638661,-2.9840392300754517,-2.9897341165122424,-2.9954290029490336,-3.0011238893858243,-3.014338785003103,-3.027553680620381,-3.0407685762376597,-3.0539834718549383,-3.0671983674722165,-3.080413263089495,-3.0936281587067738,-3.1068430543240524,-3.1200579499413306,-3.133272845558609,-3.1339088266127115,-3.134544807666814,-3.135180788720916,-3.1358167697750186,-3.136452750829121,-3.1370887318832232,-3.1377247129373256,-3.138360693991428,-3.1389966750455303
2,-2.9602857789769392,-2.9468755036053214,-2.933465228233704,-2.920054952862086,-2.9066446774904686,-2.8932344021188507,-2.879824126747233,-2.8664138513756154,-2.8530035760039976,-2.83959330063238,-2.8261830252607623,-2.815203854892826,-2.80422468452489,-2.793245514156954,-2.782266343789018,-2.771287173421082,-2.760308003053146,-2.74932883268521,-2.738349662317274,-2.727370491949338,-2.7163913215814017,-2.727370491949338,-2.738349662317274,-2.74932883268521,-2.760308003053146,-2.771287173421082,-2.782266343789018,-2.793245514156954,-2.80422468452489,-2.815203854892826,-2.8261830252607623,-2.83959330063238,-2.8530035760039976,-2.8664138513756154,-2.879824126747233,-2.8932344021188507,-2.9066446774904686,-2.920054952862086,-2.933465228233704,-2.9468755036053214,-2.9602857789769392,-2.9608975170897307,-2.9615092552025217,-2.962120993315313,-2.9627327314281047,-2.963344469540896,-2.963956207653687,-2.9645679457664786,-2.96517968387927,-2.965791421992061
3,-2.786474085266725,-2.772929735307472,-2.75938538534822,-2.7458410353889677,-2.732296685429715,-2.7187523354704624,-2.70520798551121,-2.691663635551958,-2.678119285592705,-2.6645749356334525,-2.6510305856742002,-2.6349377704378503,-2.6188449552015003,-2.6027521399651503,-2.5866593247288003,-2.5705665094924504,-2.554473694256101,-2.538380879019751,-2.522288063783401,-2.506195248547051,-2.490102433310701,-2.506195248547051,-2.522288063783401,-2.538380879019751,-2.554473694256101,-2.5705665094924504,-2.5866593247288003,-2.6027521399651503,-2.6188449552015003,-2.6349377704378503,-2.6510305856742002,-2.6645749356334525,-2.678119285592705,-2.691663635551958,-2.70520798551121,-2.7187523354704624,-2.732296685429715,-2.7458410353889677,-2.75938538534822,-2.772929735307472,-2.786474085266725,-2.786956185462965,-2.787438285659205,-2.787920385855445,-2.788402486051685,-2.7888845862479252,-2.7893666864441653,-2.7898487866404054,-2.7903308868366454,-2.7908129870328855
4,-2.6135281534076924,-2.597760812152114,-2.5819934708965353,-2.566226129640957,-2.5504587883853787,-2.5346914471298003,-2.5189241058742216,-2.5031567646186432,-2.487389423363065,-2.471622082107486,-2.455854740851908,-2.436059358935658,-2.4162639770194074,-2.3964685951031575,-2.3766732131869075,-2.3568778312706575,-2.337082449354407,-2.317287067438157,-2.297491685521907,-2.277696303605657,-2.257900921689407,-2.277696303605657,-2.297491685521907,-2.317287067438157,-2.337082449354407,-2.3568778312706575,-2.3766732131869075,-2.3964685951031575,-2.4162639770194074,-2.436059358935658,-2.455854740851908,-2.471622082107486,-2.487389423363065,-2.5031567646186432,-2.5189241058742216,-2.5346914471298003,-2.5504587883853787,-2.566226129640957,-2.5819934708965353,-2.597760812152114,-2.6135281534076924,-2.6141204580888213,-2.6147127627699507,-2.6153050674510796,-2.615897372132209,-2.616489676813338,-2.617081981494467,-2.617674286175596,-2.618266590856725,-2.6188588955378544
5,-2.439518646939669,-2.42263666460811,-2.4057546822765516,-2.3888726999449927,-2.3719907176134343,-2.3551087352818754,-2.3382267529503165,-2.321344770618758,-2.304462788287199,-2.2875808059556406,-2.2706988236240817,-2.2507052952333346,-2.2307117668425875,-2.21071823845184,-2.190724710061093,-2.170731181670346,-2.1507376532795988,-2.1307441248888517,-2.110750596498104,-2.090757068107357,-2.07076353971661,-2.090757068107357,-2.110750596498104,-2.1307441248888517,-2.1507376532795988,-2.170731181670346,-2.190724710061093,-2.21071823845184,-2.2307117668425875,-2.2507052952333346,-2.2706988236240817,-2.2875808059556406,-2.304462788287199,-2.321344770618758,-2.3382267529503165,-2.3551087352818754,-2.3719907176134343,-2.3888726999449927,-2.4057546822765516,-2.42263666460811,-2.439518646939669,-2.440148544583876,-2.440778442228083,-2.4414083398722894,-2.4420382375164964,-2.4426681351607034,-2.4432980328049103,-2.4439279304491173,-2.444557828093324,-2.4451877257375307
6,-2.2728703334450207,-2.2539567519276824,-2.2350431704103437,-2.2161295888930055,-2.1972160073756672,-2.1783024258583286,-2.1593888443409903,-2.140475262823652,-2.121561681306314,-2.102648099788975,-2.083734518271637,-2.067864855964488,-2.0519951936573384,-2.036125531350189,-2.02025586904304,-2.004386206735891,-1.9885165444287414,-1.9726468821215921,-1.9567772198144429,-1.9409075575072936,-1.9250378952001443,-1.9409075575072936,-1.9567772198144429,-1.9726468821215921,-1.9885165444287414,-2.004386206735891,-2.02025586904304,-2.036125531350189,-2.0519951936573384,-2.067864855964488,-2.083734518271637,-2.102648099788975,-2.121561681306314,-2.140475262823652,-2.1593888443409903,-2.1783024258583286,-2.1972160073756672,-2.2161295888930055,-2.2350431704103437,-2.2539567519276824,-2.2728703334450207,-2.2722404358008137,-2.2716105381566067,-2.2709806405124002,-2.2703507428681933,-2.2697208452239863,-2.2690909475797794,-2.2684610499355724,-2.267831152291366,-2.267201254647159
7,-2.0988608269769973,-2.0788675713425,-2.058874315708003,-2.038881060073506,-2.0188878044390095,-1.9988945488045124,-1.9789012931700154,-1.9589080375355183,-1.9389147819010213,-1.9189215262665245,-1.8989282706320274,-1.88742264701594,-1.8759170233998528,-1.8644113997837655,-1.8529057761676782,-1.841400152551591,-1.8298945289355038,-1.8183889053194164,-1.8068832817033291,-1.7953776580872418,-1.7838720344711545,-1.7953776580872418,-1.8068832817033291,-1.8183889053194164,-1.8298945289355038,-1.841400152551591,-1.8529057761676782,-1.8644113997837655,-1.8759170233998528,-1.88742264701594,-1.8989282706320274,-1.9189215262665245,-1.9389147819010213,-1.9589080375355183,-1.9789012931700154,-1.9988945488045124,-2.0188878044390095,-2.038881060073506,-2.058874315708003,-2.0788675713425,-2.0988608269769973,-2.0989994257530546,-2.099138024529112,-2.0992766233051694,-2.0994152220812268,-2.0995538208572846,-2.099692419633342,-2.0998310184093993,-2.0999696171854567,-2.100108215961514
8,-1.9259148951179652,-1.9044499147060552,-1.8829849342941454,-1.8615199538822353,-1.8400549734703253,-1.8185899930584153,-1.7971250126465055,-1.7756600322345955,-1.7541950518226854,-1.7327300714107756,-1.7112650909988656,-1.6988328532788408,-1.6864006155588163,-1.6739683778387915,-1.6615361401187667,-1.6491039023987422,-1.6366716646787174,-1.6242394269586926,-1.6118071892386678,-1.5993749515186433,-1.5869427137986185,-1.5993749515186433,-1.6118071892386678,-1.6242394269586926,-1.6366716646787174,-1.6491039023987422,-1.6615361401187667,-1.6739683778387915,-1.6864006155588163,-1.6988328532788408,-1.7112650909988656,-1.7327300714107756,-1.7541950518226854,-1.7756600322345955,-1.7971250126465055,-1.8185899930584153,-1.8400549734703253,-1.8615199538822353,-1.8829849342941454,-1.9044499147060552,-1.9259148951179652,-1.9254327949217251,-1.924950694725485,-1.924468594529245,-1.923986494333005,-1.9235043941367649,-1.9230222939405246,-1.9225401937442845,-1.9220580935480445,-1.9215759933518044
9,-1.7521032014077507,-1.7289248053999635,-1.7057464093921761,-1.682568013384389,-1.6593896173766018,-1.6362112213688147,-1.6130328253610273,-1.5898544293532402,-1.5666760333454528,-1.5434976373376657,-1.5203192413298785,-1.5051182473345988,-1.489917253339319,-1.4747162593440393,-1.4595152653487595,-1.4443142713534798,-1.4291132773582,-1.4139122833629203,-1.3987112893676406,-1.3835102953723608,-1.368309301377081,-1.3835102953723608,-1.3987112893676406,-1.4139122833629203,-1.4291132773582,-1.4443142713534798,-1.4595152653487595,-1.4747162593440393,-1.489917253339319,-1.5051182473345988,-1.5203192413298785,-1.5434976373376657,-1.566676033345453,-1.5898544293532402,-1.6130328253610273,-1.6362112213688147,-1.6593896173766018,-1.682568013384389,-1.7057464093921761,-1.7289248053999635,-1.7521032014077507,-1.7514914632949594,-1.750879725182168,-1.7502679870693767,-1.7496562489565852,-1.749044510843794,-1.7484327727310027,-1.7478210346182113,-1.74720929650542,-1.7465975583926285
10,-1.574956302798047,-1.5512592825100897,-1.527562262222132,-1.5038652419341747,-1.4801682216462173,-1.45647120135826,-1.4327741810703023,-1.409077160782345,-1.3853801404943873,-1.36168312020643,-1.3379860999184725,-1.3220120597831175,-1.3060380196477628,-1.2900639795124078,-1.274089939377053,-1.258115899241698,-1.2421418591063431,-1.2261678189709884,-1.2101937788356334,-1.1942197387002786,-1.1782456985649237,-1.1942197387002786,-1.2101937788356334,-1.2261678189709884,-1.2421418591063431,-1.258115899241698,-1.274089939377053,-1.2900639795124078,-1.3060380196477628,-1.3220120597831175,-1.3379860999184725,-1.36168312020643,-1.3853801404943875,-1.409077160782345,-1.4327741810703023,-1.45647120135826,-1.4801682216462173,-1.5038652419341747,-1.527562262222132,-1.5512592825100897,-1.574956302798047,-1.574736304946748,-1.574516307095449,-1.5742963092441502,-1.574076311392851,-1.573856313541552,-1.573636315690253,-1.5734163178389542,-1.573196319987655,-1.572976322136356
11,-1.4015898772507562,-1.3770970278471877,-1.3526041784436191,-1.3281113290400506,-1.303618479636482,-1.2791256302329135,-1.254632780829345,-1.2301399314257764,-1.2056470820222078,-1.1811542326186393,-1.1566613832150707,-1.141344807527086,-1.1260282318391013,-1.1107116561511166,-1.0953950804631318,-1.080078504775147,-1.0647619290871624,-1.0494453533991777,-1.034128777711193,-1.0188122020232082,-1.0034956263352235,-1.0188122020232082,-1.034128777711193,-1.0494453533991777,-1.0647619290871624,-1.080078504775147,-1.0953950804631318,-1.1107116561511166,-1.1260282318391013,-1.141344807527086,-1.1566613832150707,-1.1811542326186393,-1.2056470820222078,-1.2301399314257764,-1.254632780829345,-1.2791256302329135,-1.303618479636482,-1.3281113290400506,-1.3526041784436191,-1.3770970278471877,-1.4015898772507562,-1.4015904684609974,-1.4015910596712386,-1.4015916508814799,-1.401592242091721,-1.401592833301962,-1.4015934245122033,-1.4015940157224445,-1.4015946069326857,-1.4015951981429269
12,-1.2267287939568767,-1.2012192198242306,-1.1757096456915843,-1.1502000715589382,-1.1246904974262921,-1.099180923293646,-1.0736713491609997,-1.0481617750283536,-1.0226522008957075,-0.9971426267630612,-0.9716330526304151,-0.9608268892435228,-0.9500207258566306,-0.9392145624697383,-0.928408399082846,-0.9176022356959537,-0.9067960723090615,-0.8959899089221692,-0.8851837455352769,-0.8743775821483846,-0.8635714187614923,-0.8743775821483846,-0.8851837455352769,-0.8959899089221692,-0.9067960723090615,-0.9176022356959537,-0.928408399082846,-0.9392145624697383,-0.9500207258566306,-0.9608268892435228,-0.9716330526304151,-0.9971426267630613,-1.0226522008957075,-1.0481617750283536,-1.0736713491609997,-1.099180923293646,-1.1246904974262921,-1.1502000715589382,-1.1757096456915845,-1.2012192198242306,-1.2267287939568767,-1.2269151727760648,-1.2271015515952528,-1.2272879304144406,-1.2274743092336287,-1.2276606880528167,-1.2278470668720047,-1.2280334456911928,-1.2282198245103806,-1.2284062033295686
13,-1.0489620469804861,-1.0233133926909652,-0.9976647384014444,-0.9720160841119236,-0.9463674298224027,-0.9207187755328818,-0.895070121243361,-0.8694214669538403,-0.8437728126643194,-0.8181241583747985,-0.7924755040852777,-0.7871210045393551,-0.7817665049934324,-0.7764120054475097,-0.7710575059015871,-0.7657030063556645,-0.7603485068097418,-0.754994007263819,-0.7496395077178964,-0.7442850081719738,-0.7389305086260511,-0.7442850081719738,-0.7496395077178964,-0.754994007263819,-0.7603485068097418,-0.7657030063556645,-0.7710575059015871,-0.7764120054475097,-0.7817665049934324,-0.7871210045393551,-0.7924755040852777,-0.8181241583747985,-0.8437728126643194,-0.8694214669538403,-0.895070121243361,-0.9207187755328818,-0.9463674298224027,-0.9720160841119236,-0.9976647384014444,-1.0233133926909652,-1.0489620469804861,-1.0491965390578648,-1.0494310311352435,-1.049665523212622,-1.0499000152900007,-1.0501345073673793,-1.050368999444758,-1.0506034915221367,-1.0508379835995152,-1.0510724756768939
14,-0.8760659195022515,-0.8505984086701204,-0.8251308978379891,-0.7996633870058579,-0.7741958761737266,-0.7487283653415955,-0.7232608545094643,-0.697793343677333,-0.6723258328452019,-0.6468583220130706,-0.6213908111809394,-0.6200786260309554,-0.6187664408809714,-0.6174542557309874,-0.6161420705810035,-0.6148298854310195,-0.6135177002810355,-0.6122055151310515,-0.6108933299810675,-0.6095811448310835,-0.6082689596810995,-0.6095811448310835,-0.6108933299810675,-0.6122055151310515,-0.6135177002810355,-0.6148298854310195,-0.6161420705810035,-0.6174542557309874,-0.6187664408809714,-0.6200786260309554,-0.6213908111809394,-0.6468583220130706,-0.6723258328452019,-0.697793343677333,-0.7232608545094643,-0.7487283653415955,-0.7741958761737266,-0.7996633870058579,-0.8251308978379891,-0.8505984086701204,-0.8760659195022515,-0.8763131910062877,-0.8765604625103238,-0.87680773401436,-0.8770550055183961,-0.8773022770224322,-0.8775495485264684,-0.8777968200305045,-0.8780440915345407,-0.8782913630385768
15,-0.7020740066501241,-0.6777800758228951,-0.653486144995666,-0.6291922141684371,-0.6048982833412081,-0.580604352513979,-0.55631042168675,-0.5320164908595211,-0.5077225600322921,-0.483428629205063,-0.45913469837783405,-0.45739361999689154,-0.4556525416159491,-0.4539114632350066,-0.45217038485406413,-0.4504293064731216,-0.4486882280921791,-0.44694714971123667,-0.44520607133029416,-0.4434649929493517,-0.4417239145684092,-0.4434649929493517,-0.44520607133029416,-0.44694714971123667,-0.4486882280921791,-0.4504293064731216,-0.45217038485406413,-0.4539114632350066,-0.4556525416159491,-0.45739361999689154,-0.45913469837783405,-0.4834286292050631,-0.5077225600322921,-0.5320164908595211,-0.55631042168675,-0.580604352513979,-0.6048982833412081,-0.6291922141684371,-0.6534861449956662,-0.6777800758228951,-0.7020740066501241,-0.7018655928906852,-0.7016571791312463,-0.7014487653718072,-0.7012403516123683,-0.7010319378529294,-0.7008235240934905,-0.7006151103340515,-0.7004066965746125,-0.7001982828151736
16,-0.5280645001821008,-0.5036390451051256,-0.4792135900281503,-0.45478813495117504,-0.4303626798741998,-0.4059372247972245,-0.38151176972024925,-0.357086314643274,-0.33266085956629876,-0.30823540448932346,-0.2838099494123482,-0.283551700650666,-0.2832934518889838,-0.28303520312730157,-0.2827769543656194,-0.28251870560393716,-0.2822604568422549,-0.28200220808057275,-0.2817439593188905,-0.28148571055720834,-0.2812274617955261,-0.28148571055720834,-0.2817439593188905,-0.28200220808057275,-0.2822604568422549,-0.28251870560393716,-0.2827769543656194,-0.28303520312730157,-0.2832934518889838,-0.283551700650666,-0.2838099494123482,-0.30823540448932346,-0.33266085956629876,-0.357086314643274,-0.38151176972024925,-0.4059372247972245,-0.43036267987419974,-0.45478813495117504,-0.47921359002815034,-0.5036390451051256,-0.5280645001821008,-0.528659139025645,-0.5292537778691891,-0.5298484167127333,-0.5304430555562775,-0.5310376943998216,-0.5316323332433657,-0.5322269720869098,-0.532821610930454,-0.5334162497739982
17,-0.3551185683230685,-0.33166788377690654,-0.30821719923074453,-0.2847665146845826,-0.26131583013842064,-0.23786514559225866,-0.2144144610460967,-0.19096377649993473,-0.16751309195377276,-0.14406240740761078,-0.12061172286144883,-0.12128563720009591,-0.121959551538743,-0.12263346587739006,-0.12330738021603714,-0.12398129455468422,-0.1246552088933313,-0.12532912323197837,-0.12600303757062545,-0.12667695190927253,-0.1273508662479196,-0.12667695190927253,-0.12600303757062545,-0.12532912323197837,-0.1246552088933313,-0.12398129455468422,-0.12330738021603714,-0.12263346587739006,-0.121959551538743,-0.12128563720009591,-0.12061172286144883,-0.1440624074076108,-0.16751309195377276,-0.19096377649993473,-0.21441446104609668,-0.23786514559225866,-0.26131583013842064,-0.2847665146845826,-0.30821719923074453,-0.33166788377690654,-0.3551185683230685,-0.35510212838001626,-0.3550856884369641,-0.35506924849391186,-0.3550528085508597,-0.35503636860780746,-0.35501992866475524,-0.35500348872170306,-0.35498704877865084,-0.35497060883559867
18,-0.18130687461285414,-0.1581284786050669,-0.13495008259727967,-0.11177168658949245,-0.0885932905817052,-0.06541489457391798,-0.042236498566130765,-0.01905810255834353,0.004120293449443729,0.027298689457230935,0.05047708546501817,0.046743002157725026,0.04300891885043188,0.039274835543138736,0.03554075223584559,0.031806668928552446,0.0280725856212593,0.02433850231396616,0.02060441900667301,0.016870335699379867,0.013136252392086725,0.01687033569937987,0.020604419006673015,0.024338502313966157,0.028072585621259305,0.031806668928552446,0.03554075223584559,0.039274835543138736,0.043008918850431885,0.046743002157725026,0.05047708546501817,0.027298689457230935,0.004120293449443702,-0.019058102558343518,-0.042236498566130765,-0.06541489457391798,-0.0885932905817052,-0.11177168658949244,-0.1349500825972797,-0.1581284786050669,-0.18130687461285414,-0.18114127513102768,-0.1809756756492012,-0.18081007616737474,-0.18064447668554826,-0.1804788772037218,-0.18031327772189534,-0.18014767824006886,-0.1799820787582424,-0.17981647927641592
19,-0.004159976003150398,0.01659152742978203,0.03734303086271446,0.05809453429564688,0.07884603772857933,0.09959754116151175,0.12034904459444416,0.14110054802737657,0.16185205146030904,0.18260355489324145,0.20335505832617387,0.19703556387342597,0.19071606942067806,0.18439657496793013,0.17807708051518223,0.17175758606243433,0.16543809160968642,0.15911859715693852,0.1527991027041906,0.14647960825144268,0.14016011379869478,0.14647960825144268,0.1527991027041906,0.15911859715693852,0.16543809160968642,0.17175758606243433,0.17807708051518223,0.18439657496793013,0.19071606942067806,0.19703556387342597,0.20335505832617387,0.18260355489324143,0.161852051460309,0.1411005480273766,0.12034904459444415,0.09959754116151173,0.07884603772857932,0.0580945342956469,0.03734303086271443,0.01659152742978201,-0.004159976003150398,-0.004331971626393547,-0.004503967249636697,-0.004675962872879847,-0.004847958496122996,-0.0050199541193661455,-0.005191949742609296,-0.005363945365852446,-0.005535940989095595,-0.005707936612338744
20,0.1692064495441404,0.19052258034741357,0.21183871115068675,0.2331548419539599,0.25447097275723307,0.27578710356050623,0.2971032343637794,0.3184193651670526,0.33973549597032576,0.3610516267735989,0.3823677575768721,0.37342925481461864,0.36449075205236525,0.3555522492901118,0.34661374652785837,0.337675243765605,0.32873674100335154,0.3197982382410981,0.31085973547884466,0.30192123271659127,0.29298272995433783,0.30192123271659127,0.31085973547884466,0.3197982382410981,0.32873674100335154,0.337675243765605,0.34661374652785837,0.3555522492901118,0.36449075205236525,0.37342925481461864,0.3823677575768721,0.3610516267735989,0.33973549597032576,0.3184193651670526,0.2971032343637794,0.27578710356050623,0.25447097275723307,0.2331548419539599,0.21183871115068673,0.19052258034741357,0.1692064495441404,0.16980475393822042,0.17040305833230046,0.1710013627263805,0.17159966712046051,0.17219797151454053,0.17279627590862057,0.1733945803027006,0.17399288469678062,0.17459118909086063
21,0.34406753283801983,0.365948405677867,0.3878292785177142,0.4097101513575614,0.4315910241974086,0.45347189703725577,0.47535276987710295,0.49723364271695014,0.5191145155567973,0.5409953883966445,0.5628762612364917,0.5519632641118913,0.5410502669872909,0.5301372698626905,0.51922427273809,0.5083112756134897,0.49739827848888923,0.4864852813642888,0.4755722842396884,0.46465928711508797,0.45374628999048755,0.46465928711508797,0.4755722842396884,0.4864852813642888,0.49739827848888923,0.5083112756134897,0.51922427273809,0.5301372698626905,0.5410502669872909,0.5519632641118913,0.5628762612364917,0.5409953883966445,0.5191145155567973,0.49723364271695014,0.47535276987710295,0.45347189703725577,0.4315910241974086,0.4097101513575614,0.3878292785177142,0.365948405677867,0.34406753283801983,0.3446905361902846,0.3453135395425494,0.3459365428948142,0.34655954624707896,0.34718254959934375,0.34780555295160853,0.3484285563038733,0.3490515596561381,0.3496745630084029
22,0.5187023094463747,0.5382417514180301,0.5577811933896853,0.5773206353613407,0.5968600773329961,0.6163995193046514,0.6359389612763067,0.655478403247962,0.6750178452196174,0.6945572871912726,0.714096729162928,0.7049082774656684,0.6957198257684089,0.6865313740711492,0.6773429223738896,0.66815447067663,0.6589660189793705,0.6497775672821109,0.6405891155848512,0.6314006638875916,0.6222122121903321,0.6314006638875916,0.6405891155848512,0.6497775672821109,0.6589660189793705,0.66815447067663,0.6773429223738896,0.6865313740711492,0.6957198257684089,0.7049082774656684,0.714096729162928,0.6945572871912726,0.6750178452196174,0.655478403247962,0.6359389612763067,0.6163995193046514,0.5968600773329961,0.5773206353613407,0.5577811933896853,0.5382417514180301,0.5187023094463747,0.5190462238388183,0.5193901382312618,0.5197340526237053,0.5200779670161488,0.5204218814085924,0.5207657958010359,0.5211097101934794,0.5214536245859229,0.5217975389783664
23,0.694730407292645,0.7123467495599517,0.7299630918272584,0.747579434094565,0.7651957763618716,0.7828121186291783,0.800428460896485,0.8180448031637917,0.8356611454310983,0.853277487698405,0.8708938299657116,0.8592902750567533,0.8476867201477948,0.8360831652388364,0.824479610329878,0.8128760554209196,0.8012725005119612,0.7896689456030028,0.7780653906940445,0.766461835785086,0.7548582808761276,0.766461835785086,0.7780653906940445,0.7896689456030028,0.8012725005119612,0.8128760554209196,0.824479610329878,0.8360831652388364,0.8476867201477949,0.8592902750567533,0.8708938299657116,0.853277487698405,0.8356611454310983,0.8180448031637917,0.800428460896485,0.7828121186291783,0.7651957763618716,0.747579434094565,0.7299630918272584,0.7123467495599517,0.694730407292645,0.694834869584186,0.6949393318757271,0.6950437941672681,0.6951482564588092,0.6952527187503501,0.6953571810418911,0.6954616433334322,0.6955661056249732,0.6956705679165143
24,0.8760659195022515,0.8928767933207495,0.9096876671392475,0.9264985409577456,0.9433094147762436,0.9601202885947416,0.9769311624132396,0.9937420362317376,1.0105529100502357,1.0273637838687337,1.0441746576872317,1.028263124623207,1.0123515915591823,0.9964400584951576,0.9805285254311329,0.9646169923671082,0.9487054593030834,0.9327939262390587,0.916882393175034,0.9009708601110092,0.8850593270469845,0.9009708601110092,0.916882393175034,0.9327939262390587,0.9487054593030834,0.9646169923671082,0.9805285254311329,0.9964400584951576,1.0123515915591823,1.028263124623207,1.0441746576872317,1.0273637838687337,1.0105529100502357,0.9937420362317376,0.9769311624132396,0.9601202885947416,0.9433094147762436,0.9264985409577456,0.9096876671392475,0.8928767933207495,0.8760659195022515,0.8759614572107105,0.8758569949191695,0.8757525326276284,0.8756480703360874,0.8755436080445465,0.8754391457530054,0.8753346834614644,0.8752302211699233,0.8751257588783823
25,1.0520940173485218,1.0670307630696092,1.0819675087906964,1.0969042545117835,1.111841000232871,1.1267777459539583,1.1417144916750455,1.1566512373961326,1.17158798311722,1.1865247288383074,1.2014614745593946,1.183227080936688,1.1649926873139813,1.1467582936912746,1.128523900068568,1.1102895064458616,1.0920551128231548,1.073820719200448,1.0555863255777416,1.037351931955035,1.0191175383323283,1.037351931955035,1.0555863255777416,1.073820719200448,1.0920551128231548,1.1102895064458616,1.128523900068568,1.1467582936912746,1.1649926873139813,1.183227080936688,1.2014614745593946,1.1865247288383074,1.17158798311722,1.1566512373961326,1.1417144916750455,1.1267777459539583,1.111841000232871,1.0969042545117835,1.0819675087906964,1.0670307630696092,1.0520940173485218,1.0517501029560783,1.0514061885636348,1.0510622741711912,1.0507183597787477,1.0503744453863042,1.0500305309938607,1.0496866166014172,1.0493427022089736,1.04899878781653
26,1.2267287939568767,1.2408000414080613,1.254871288859246,1.2689425363104305,1.2830137837616151,1.2970850312127997,1.3111562786639843,1.325227526115169,1.3392987735663535,1.3533700210175381,1.3674412684687227,1.3495957939712548,1.3317503194737867,1.3139048449763189,1.296059370478851,1.278213895981383,1.260368421483915,1.2425229469864472,1.2246774724889793,1.2068319979915112,1.1889865234940433,1.2068319979915112,1.2246774724889793,1.2425229469864472,1.260368421483915,1.278213895981383,1.296059370478851,1.3139048449763189,1.3317503194737867,1.3495957939712548,1.3674412684687227,1.3533700210175381,1.3392987735663535,1.325227526115169,1.3111562786639843,1.2970850312127997,1.2830137837616151,1.2689425363104305,1.254871288859246,1.2408000414080613,1.2267287939568767,1.2267473136572675,1.2267658333576583,1.2267843530580493,1.2268028727584401,1.226821392458831,1.2268399121592217,1.2268584318596125,1.2268769515600035,1.2268954712603943
27,1.4015898772507562,1.4144727180306746,1.4273555588105928,1.4402383995905113,1.4531212403704297,1.466004081150348,1.4788869219302663,1.4917697627101847,1.504652603490103,1.5175354442700213,1.5304182850499397,1.5154560735593814,1.5004938620688228,1.4855316505782645,1.470569439087706,1.4556072275971477,1.4406450161065893,1.4256828046160308,1.4107205931254725,1.395758381634914,1.3807961701443556,1.395758381634914,1.4107205931254725,1.4256828046160308,1.4406450161065893,1.4556072275971477,1.470569439087706,1.4855316505782645,1.5004938620688228,1.5154560735593814,1.5304182850499397,1.5175354442700213,1.504652603490103,1.4917697627101847,1.4788869219302663,1.466004081150348,1.4531212403704297,1.4402383995905113,1.4273555588105928,1.4144727180306746,1.4015898772507562,1.4015151694876726,1.401440461724589,1.4013657539615054,1.4012910461984218,1.4012163384353382,1.4011416306722548,1.4010669229091712,1.4009922151460876,1.400917507383004
28,1.5791161348260805,1.590345326309107,1.6015745177921334,1.61280370927516,1.6240329007581864,1.6352620922412129,1.6464912837242396,1.657720475207266,1.6689496666902925,1.680178858173319,1.6914080496563455,1.6809275137728874,1.6704469778894295,1.6599664420059717,1.6494859061225136,1.6390053702390555,1.6285248343555976,1.6180442984721397,1.6075637625886816,1.5970832267052235,1.5866026908217656,1.5970832267052235,1.6075637625886816,1.6180442984721397,1.6285248343555976,1.6390053702390555,1.6494859061225136,1.6599664420059717,1.6704469778894295,1.6809275137728874,1.6914080496563455,1.680178858173319,1.6689496666902925,1.657720475207266,1.6464912837242396,1.6352620922412129,1.6240329007581864,1.61280370927516,1.6015745177921334,1.590345326309107,1.5791161348260805,1.5788767934319718,1.5786374520378632,1.5783981106437546,1.578158769249646,1.5779194278555373,1.5776800864614287,1.57744074506732,1.5772014036732114,1.5769620622791027
29,1.7521032014077507,1.7623535088877,1.7726038163676494,1.782854123847599,1.7931044313275484,1.8033547388074977,1.8136050462874471,1.8238553537673965,1.834105661247346,1.8443559687272955,1.8546062762072448,1.8475328520336358,1.8404594278600268,1.8333860036864178,1.8263125795128088,1.8192391553391998,1.8121657311655905,1.8050923069919815,1.7980188828183725,1.7909454586447635,1.7838720344711545,1.7909454586447635,1.7980188828183725,1.8050923069919815,1.8121657311655905,1.8192391553391998,1.8263125795128088,1.8333860036864178,1.8404594278600268,1.8475328520336358,1.8546062762072448,1.8443559687272955,1.834105661247346,1.8238553537673965,1.8136050462874471,1.8033547388074977,1.7931044313275484,1.782854123847599,1.7726038163676494,1.7623535088877,1.7521032014077507,1.7515708490054835,1.7510384966032164,1.7505061442009493,1.7499737917986822,1.7494414393964153,1.7489090869941482,1.748376734591881,1.747844382189614,1.7473120297873468
30,1.9259148951179652,1.9349762199005203,1.9440375446830755,1.9530988694656306,1.9621601942481859,1.971221519030741,1.980282843813296,1.9893441685958513,1.9984054933784063,2.0074668181609616,2.0165281429435167,2.0069394487990135,1.9973507546545104,1.9877620605100073,1.9781733663655041,1.968584672221001,1.958995978076498,1.949407283931995,1.9398185897874918,1.9302298956429886,1.9206412014984855,1.9302298956429886,1.9398185897874918,1.949407283931995,1.958995978076498,1.968584672221001,1.9781733663655041,1.9877620605100073,1.9973507546545104,2.0069394487990135,2.0165281429435167,2.0074668181609616,1.9984054933784063,1.9893441685958513,1.980282843813296,1.971221519030741,1.9621601942481859,1.9530988694656306,1.9440375446830755,1.9349762199005203,1.9259148951179652,1.9256040209486582,1.925293146779351,1.924982272610044,1.9246713984407369,1.92436052427143,1.924049650102123,1.9237387759328157,1.9234279017635088,1.9231170275942016
31,2.0988608269769973,2.1081934580768813,2.117526089176765,2.126858720276649,2.136191351376533,2.1455239824764165,2.1548566135763005,2.1641892446761846,2.1735218757760686,2.182854506875952,2.192187137975836,2.1792778672306445,2.1663685964854524,2.1534593257402603,2.1405500549950687,2.127640784249877,2.114731513504685,2.101822242759493,2.088912972014301,2.0760037012691095,2.0630944305239174,2.0760037012691095,2.088912972014301,2.101822242759493,2.114731513504685,2.127640784249877,2.1405500549950687,2.1534593257402603,2.1663685964854524,2.1792778672306445,2.192187137975836,2.182854506875952,2.1735218757760686,2.1641892446761846,2.1548566135763005,2.1455239824764165,2.136191351376533,2.126858720276649,2.117526089176765,2.1081934580768813,2.0988608269769973,2.098536199201465,2.0982115714259324,2.0978869436504,2.0975623158748675,2.0972376880993346,2.096913060323802,2.0965884325482698,2.0962638047727373,2.095939176997205
32,2.2728703334450207,2.281910483188536,2.2909506329320513,2.299990782675567,2.309030932419082,2.3180710821625974,2.327111231906113,2.336151381649628,2.3451915313931435,2.3542316811366586,2.363271830880174,2.3508891787260895,2.3385065265720044,2.32612387441792,2.313741222263835,2.30135857010975,2.2889759179556655,2.276593265801581,2.264210613647496,2.251827961493411,2.2394453093393265,2.251827961493411,2.264210613647496,2.276593265801581,2.2889759179556655,2.30135857010975,2.313741222263835,2.32612387441792,2.3385065265720044,2.3508891787260895,2.363271830880174,2.3542316811366586,2.3451915313931435,2.336151381649628,2.327111231906113,2.3180710821625974,2.309030932419082,2.299990782675567,2.2909506329320513,2.281910483188536,2.2728703334450207,2.27259515770371,2.2723199819623994,2.2720448062210887,2.271769630479778,2.271494454738468,2.2712192789971573,2.2709441032558466,2.270668927514536,2.2703937517732253
33,2.4468622462971483,2.4564189596099646,2.465975672922781,2.4755323862355976,2.485089099548414,2.49464581286123,2.5042025261740464,2.5137592394868626,2.5233159527996794,2.5328726661124956,2.542429379425312,2.5341152260007167,2.525801072576121,2.517486919151526,2.5091727657269307,2.500858612302335,2.49254445887774,2.4842303054531447,2.4759161520285495,2.467601998603954,2.4592878451793587,2.467601998603954,2.4759161520285495,2.4842303054531447,2.49254445887774,2.500858612302335,2.5091727657269307,2.517486919151526,2.525801072576121,2.5341152260007167,2.542429379425312,2.5328726661124956,2.5233159527996794,2.5137592394868626,2.5042025261740464,2.49464581286123,2.485089099548414,2.4755323862355976,2.465975672922781,2.4564189596099646,2.4468622462971483,2.4471822559653384,2.4475022656335286,2.4478222753017183,2.4481422849699084,2.4484622946380985,2.4487823043062886,2.4491023139744788,2.4494223236426684,2.4497423333108586
34,2.6228903441434186,2.6333470807300734,2.643803817316728,2.654260553903383,2.664717290490038,2.675174027076693,2.685630763663348,2.6960875002500027,2.7065442368366575,2.7170009734233123,2.727457710009967,2.7243930712851867,2.7213284325604064,2.718263793835626,2.7151991551108456,2.7121345163860653,2.7090698776612845,2.706005238936504,2.7029406002117238,2.6998759614869434,2.696811322762163,2.6998759614869434,2.7029406002117238,2.706005238936504,2.7090698776612845,2.7121345163860653,2.7151991551108456,2.718263793835626,2.7213284325604064,2.7243930712851867,2.727457710009967,2.7170009734233123,2.7065442368366575,2.6960875002500027,2.685630763663348,2.675174027076693,2.664717290490038,2.654260553903383,2.643803817316728,2.6333470807300734,2.6228903441434186,2.623010704809521,2.6231310654756235,2.623251426141726,2.6233717868078283,2.6234921474739306,2.623612508140033,2.623732868806136,2.623853229472238,2.6239735901383403
35,2.7975251207517733,2.8086508513479327,2.8197765819440925,2.830902312540252,2.8420280431364118,2.853153773732571,2.8642795043287306,2.8754052349248904,2.88653096552105,2.8976566961172097,2.908782426713369,2.9106296550905566,2.912476883467744,2.9143241118449317,2.916171340222119,2.9180185685993068,2.9198657969764943,2.921713025353682,2.9235602537308694,2.925407482108057,2.9272547104852444,2.925407482108057,2.9235602537308694,2.921713025353682,2.9198657969764943,2.9180185685993068,2.916171340222119,2.9143241118449317,2.912476883467744,2.9106296550905566,2.908782426713369,2.8976566961172097,2.88653096552105,2.8754052349248904,2.8642795043287306,2.853153773732571,2.8420280431364118,2.830902312540252,2.8197765819440925,2.8086508513479327,2.7975251207517733,2.798015375288987,2.7985056298262005,2.798995884363414,2.799486138900628,2.7999763934378414,2.800466647975055,2.8009569025122687,2.8014471570494823,2.801937411586696
36,2.972386204045653,2.9852690448255714,2.99815188560549,3.011034726385408,3.0239175671653262,3.0368004079452446,3.049683248725163,3.0625660895050815,3.0754489302849994,3.088331771064918,3.1012146118448363,3.1042924455089014,3.1073702791729665,3.1104481128370316,3.1135259465010967,3.1166037801651614,3.1196816138292265,3.1227594474932916,3.1258372811573567,3.128915114821422,3.131992948485487,3.128915114821422,3.1258372811573567,3.1227594474932916,3.1196816138292265,3.1166037801651614,3.1135259465010967,3.1104481128370316,3.1073702791729665,3.1042924455089014,3.1012146118448363,3.088331771064918,3.0754489302849994,3.0625660895050815,3.049683248725163,3.0368004079452446,3.0239175671653262,3.011034726385408,2.99815188560549,2.9852690448255714,2.972386204045653,2.972757093394171,2.9731279827426893,2.973498872091208,2.973869761439726,2.974240650788244,2.9746115401367623,2.9749824294852805,2.975353318833799,2.975724208182317
